,City,Country,Lat,Lng,Max Temp,Humidity,Cloudiness,Wind Speed,Current Description
0,Punta Arenas,CL,-53.15,-70.9167,42.91,87,90,17.27,light intensity shower rain
1,Comodoro Rivadavia,AR,-45.8667,-67.5,51.66,62,0,8.05,clear sky
2,Bandarbeyla,SO,9.4942,50.8122,79.29,75,85,21.52,overcast clouds
3,Ayorou,NE,14.7308,0.9174,93.07,35,17,6.91,few clouds
4,Mataura,NZ,-46.1927,168.8643,51.48,72,58,4.72,light rain
5,Chuy,UY,-33.6971,-53.4616,61.5,97,100,8.52,overcast clouds
6,Guerrero Negro,MX,27.9769,-114.0611,75.49,61,1,18.32,clear sky
7,Narsaq,GL,60.9167,-46.05,43.02,84,70,3.0,broken clouds
8,Half Moon Bay,US,37.4636,-122.4286,81.7,64,20,1.01,few clouds
9,Mantua,IT,45.1667,10.7833,63.72,86,74,3.0,broken clouds
10,Broken Hill,AU,-31.95,141.4333,55.18,51,0,17.52,clear sky
11,Coruripe,BR,-10.1256,-36.1756,73.98,81,98,9.66,overcast clouds
12,Nurota,UZ,40.5614,65.6886,66.29,30,4,10.18,clear sky
13,Port Macquarie,AU,-31.4333,152.9167,61.07,44,0,3.85,clear sky
14,Malakal,SS,9.5334,31.6605,73.17,87,88,1.99,overcast clouds
15,Katsuura,JP,35.1333,140.3,69.91,75,86,15.7,overcast clouds
16,Sao Joao Da Barra,BR,-21.6403,-41.0511,74.03,87,10,10.11,clear sky
17,Hasaki,JP,35.7333,140.8333,66.6,68,50,16.35,scattered clouds
18,Vestmanna,FO,62.1564,-7.1664,50.92,100,90,10.36,fog
19,Saskylakh,RU,71.9167,114.0833,27.9,94,100,5.95,overcast clouds
20,Hare Bay,CA,48.8499,-54.0148,51.76,93,100,8.88,overcast clouds
21,Lebu,CL,-37.6167,-73.65,51.12,73,1,17.56,clear sky
22,Nanortalik,GL,60.1432,-45.2371,37.76,87,51,9.62,broken clouds
23,Kaitangata,NZ,-46.2817,169.8464,49.26,77,45,5.64,scattered clouds
24,Port Elizabeth,ZA,-33.918,25.5701,53.1,87,22,8.68,few clouds
25,Sabzevar,IR,36.2126,57.6819,71.1,35,0,8.7,clear sky
26,Pisco,PE,-13.7,-76.2167,63.01,77,0,21.85,clear sky
27,Qaqortoq,GL,60.7167,-46.0333,43.3,86,31,10.56,scattered clouds
28,Iqaluit,CA,63.7506,-68.5145,35.33,75,40,19.57,scattered clouds
29,Albany,US,42.6001,-73.9662,69.93,68,5,3.2,clear sky
30,Komsomolskiy,UZ,40.4272,71.7189,68.72,37,0,9.22,clear sky
31,Antalaha,MG,-14.9003,50.2788,70.2,84,100,10.27,overcast clouds
32,Chake Chake,TZ,-5.2459,39.7666,74.97,84,3,11.92,clear sky
33,Geraldton,AU,-28.7667,114.6,55.81,76,0,14.97,clear sky
34,Rio Verde De Mato Grosso,BR,-18.9181,-54.8442,92.95,15,20,2.66,few clouds
35,Busselton,AU,-33.65,115.3333,44.1,82,0,11.68,clear sky
36,Ushuaia,AR,-54.8,-68.3,47.86,57,40,8.05,light rain
37,Butte,US,39.6499,-121.5677,79.56,36,1,6.91,clear sky
38,East London,ZA,-33.0153,27.9116,61.81,83,13,12.5,few clouds
39,Hermanus,ZA,-34.4187,19.2345,56.89,78,0,12.46,clear sky
40,Tuktoyaktuk,CA,69.4541,-133.0374,41.41,60,37,15.12,scattered clouds
41,Karagay,RU,58.2667,54.9368,32.92,87,71,7.67,broken clouds
42,Vaini,TO,-21.2,-175.2,77.16,73,20,12.66,few clouds
43,Barrow,US,71.2906,-156.7887,32.02,80,75,17.27,light snow
44,Kokopo,PG,-4.352,152.2633,80.38,72,62,4.81,broken clouds
45,Kuppam,IN,12.75,78.3667,73.65,78,95,3.31,overcast clouds
46,Owando,CG,-0.4819,15.8999,70.14,98,100,3.04,overcast clouds
47,Atuona,PF,-9.8,-139.0333,78.15,77,36,21.41,scattered clouds
48,Taltal,CL,-25.4,-70.4833,61.27,76,19,5.86,few clouds
49,Namibe,AO,-15.1961,12.1522,61.43,84,17,6.22,few clouds
50,Avarua,CK,-21.2078,-159.775,80.65,69,40,13.8,scattered clouds
51,Tiarei,PF,-17.5333,-149.3333,82.42,72,53,19.71,broken clouds
52,Thunder Bay,CA,48.4001,-89.3168,81.99,75,100,13.22,overcast clouds
53,Bethel,US,41.3712,-73.414,73.71,65,1,8.05,clear sky
54,Thompson,CA,55.7435,-97.8558,53.76,87,90,12.66,overcast clouds
55,Puerto Ayora,EC,-0.7393,-90.3518,70.56,88,75,8.99,broken clouds
56,Mehamn,NO,71.0357,27.8492,44.51,81,0,13.8,clear sky
57,Shima,CN,24.4478,117.8111,76.12,93,22,2.55,light rain
58,Kemi,FI,65.8596,24.8228,42.57,75,90,4.61,overcast clouds
59,Olafsvik,IS,64.8945,-23.7142,48.4,88,100,19.39,overcast clouds
60,Rawson,AR,-43.3002,-65.1023,55.08,47,69,6.06,broken clouds
61,Cherskiy,RU,68.75,161.3,29.25,61,42,6.82,scattered clouds
62,Norman Wells,CA,65.282,-126.8329,46.89,74,100,8.61,overcast clouds
63,Rikitea,PF,-23.1203,-134.9692,73.89,76,3,11.59,clear sky
64,Husavik,IS,66.0449,-17.3389,45.66,87,99,4.92,overcast clouds
65,Vasai,IN,19.47,72.8,78.89,88,58,4.81,light rain
66,Bluff,NZ,-46.6,168.3333,51.8,79,82,15.19,broken clouds
67,Hithadhoo,MV,-0.6,73.0833,81.66,78,100,4.63,overcast clouds
68,Ilulissat,GL,69.2167,-51.1,23.02,58,100,6.91,overcast clouds
69,Augusto Correa,BR,-1.0217,-46.635,78.89,80,68,6.26,broken clouds
70,Lalibela,ET,12.0333,39.0333,58.53,67,65,5.59,broken clouds
71,Calvinia,ZA,-31.4707,19.776,44.4,98,5,6.96,clear sky
72,Castro,BR,-24.7911,-50.0119,65.7,94,58,5.82,broken clouds
73,Bonavista,CA,48.6499,-53.1147,52.23,97,100,18.07,light rain
74,Pangody,RU,65.85,74.4859,36.7,96,100,15.86,overcast clouds
75,Olinda,BR,-8.0089,-34.8553,76.73,69,40,8.05,scattered clouds
76,Hami,CN,42.8,93.45,72.52,19,43,2.66,scattered clouds
77,Khatanga,RU,71.9667,102.5,31.46,98,100,13.51,snow
78,Chokurdakh,RU,70.6333,147.9167,26.08,78,93,8.57,overcast clouds
79,Kapaa,US,22.0752,-159.319,80.58,76,90,3.0,light rain
80,Lesnikovo,RU,55.2822,65.3175,37.26,71,75,15.19,broken clouds
81,Clyde River,CA,70.4692,-68.5914,30.74,59,78,2.15,broken clouds
82,Maningrida,AU,-12.0667,134.2667,69.66,82,100,9.13,overcast clouds
83,Superior,US,46.7208,-92.1041,87.89,51,1,10.36,clear sky
84,Pochutla,MX,15.7432,-96.4661,89.82,68,89,5.93,overcast clouds
85,Saint-Philippe,RE,-21.3585,55.7679,63.99,69,5,6.49,clear sky
86,Salamiyah,SY,35.0113,37.0532,72.39,46,0,5.73,clear sky
87,Port Alfred,ZA,-33.5906,26.891,60.98,82,74,9.28,broken clouds
88,Genhe,CN,50.7833,121.5167,35.73,91,4,1.19,clear sky
89,Almaznyy,RU,48.0448,40.045,60.94,95,100,12.68,overcast clouds
90,Port Hardy,CA,50.6996,-127.4199,56.5,86,58,4.63,light rain
91,Srandakan,ID,-7.9386,110.2506,74.82,89,70,7.18,broken clouds
92,Sorong,ID,-0.8833,131.25,77.99,85,100,3.27,light rain
93,Saint Anthony,US,45.0205,-93.218,89.92,44,1,5.99,clear sky
94,Belle Glade,US,26.6845,-80.6676,86.05,67,100,5.61,overcast clouds
95,Houma,US,29.5958,-90.7195,87.01,77,40,13.8,scattered clouds
96,Vetlanda,SE,57.4289,15.0776,46.27,82,100,7.23,overcast clouds
97,Anadyr,RU,64.75,177.4833,32.5,80,20,2.24,few clouds
98,Codrington,AU,-38.2667,141.9667,47.17,81,46,21.94,light rain
99,Airai,TL,-8.9266,125.4092,58.14,47,35,3.83,scattered clouds
100,Qaanaaq,GL,77.484,-69.3632,14.61,89,92,6.96,overcast clouds
101,Rio Cuarto,AR,-33.1307,-64.3499,68.83,56,91,4.76,overcast clouds
102,Mar Del Plata,AR,-38.0023,-57.5575,57.22,94,90,10.36,overcast clouds
103,Faanui,PF,-16.4833,-151.75,77.77,76,77,19.22,light rain
104,Bathsheba,BB,13.2167,-59.5167,83.01,69,20,8.05,few clouds
105,Gardelegen,DE,52.5252,11.3952,54.99,64,99,5.41,overcast clouds
106,Mao,ES,39.8885,4.2658,68.56,73,0,5.75,clear sky
107,Monrovia,LR,6.3005,-10.7969,76.86,86,100,6.73,light rain
108,Mendeleyevo,RU,56.0333,37.2167,40.78,87,75,20.13,light intensity shower rain
109,Mountain Home,US,43.133,-115.6912,61.54,77,90,13.8,overcast clouds
110,Carnarvon,AU,-24.8667,113.6333,57.27,54,0,10.36,clear sky
111,Nampa,US,43.5407,-116.5635,66.15,45,1,11.5,clear sky
112,Ponta Do Sol,PT,32.6667,-17.1,74.03,67,94,5.44,overcast clouds
113,Richards Bay,ZA,-28.783,32.0377,65.84,68,70,17.18,broken clouds
114,Gizo,SB,-8.103,156.8419,81.77,75,98,8.37,light rain
115,Vicuna,CL,-30.0319,-70.7081,64.78,46,0,6.38,clear sky
116,Tautira,PF,-17.7333,-149.15,82.42,72,61,18.37,broken clouds
117,Karratha,AU,-20.7377,116.8463,74.19,31,1,10.51,clear sky
118,Kumylzhenskaya,RU,49.8809,42.5898,59.54,52,100,11.32,light rain
119,Sitka,US,57.0531,-135.33,55.29,76,75,4.61,broken clouds
120,Cortes,ES,41.9395,-1.4396,64.45,65,44,11.52,scattered clouds
121,Uyemskiy,RU,64.4743,40.8524,41.05,87,90,4.47,overcast clouds
122,Bossangoa,CF,6.4926,17.4552,70.16,94,100,0.25,overcast clouds
123,Kang,BW,-23.6752,22.7876,71.28,36,71,11.07,broken clouds
124,Megion,RU,61.0296,76.1136,39.22,96,100,6.85,light rain
125,Butaritari,KI,3.0707,172.7902,83.16,67,76,14.36,broken clouds
126,Gamba,GA,-2.65,10.0,74.89,80,82,6.33,broken clouds
127,Beringovskiy,RU,63.05,179.3167,38.37,80,100,7.65,overcast clouds
128,Yuanping,CN,38.7153,112.7575,52.43,88,49,2.89,scattered clouds
129,Nakamura,JP,32.9833,132.9333,70.2,92,25,3.76,scattered clouds
130,Pangnirtung,CA,66.1451,-65.7125,33.19,76,95,11.16,overcast clouds
131,Kieta,PG,-6.2167,155.6333,81.52,80,95,4.43,light rain
132,New Norfolk,AU,-42.7826,147.0587,47.91,86,79,1.99,broken clouds
133,Alyangula,AU,-13.8483,136.4192,75.58,71,100,9.51,overcast clouds
134,Sorokino,RU,53.75,84.9167,41.92,74,79,9.62,broken clouds
135,Shimoda,JP,34.6667,138.95,71.49,68,2,15.17,clear sky
136,North Bend,US,43.4065,-124.2243,70.25,67,1,9.22,clear sky
137,Belaya Gora,RU,68.5333,146.4167,27.32,71,100,13.04,overcast clouds
138,Fortuna,US,40.5982,-124.1573,73.18,61,60,11.01,broken clouds
139,Opuwo,NA,-18.0607,13.84,68.85,30,0,6.51,clear sky
140,Orange Cove,US,36.6244,-119.3137,86.63,39,1,12.66,clear sky
141,Nikolskoye,RU,59.7035,30.7861,41.02,77,100,8.57,overcast clouds
142,Antofagasta,CL,-23.65,-70.4,58.28,79,36,10.33,scattered clouds
143,Baghdad,IQ,33.3406,44.4009,80.51,32,0,4.61,clear sky
144,Vaitape,PF,-16.5167,-151.75,77.81,76,74,19.22,light rain
145,Golynki,RU,54.8696,31.3861,40.42,96,100,14.81,light rain
146,Blagoyevo,RU,63.3667,47.9167,37.72,72,100,5.93,overcast clouds
147,Florianopolis,BR,-27.6146,-48.5012,68.25,83,75,6.91,broken clouds
148,Sur,OM,22.5667,59.5289,81.9,75,73,13.09,broken clouds
149,Genc,TR,38.7507,40.5603,63.21,44,1,3.09,clear sky
150,Lorengau,PG,-2.0226,147.2712,83.52,73,86,7.9,overcast clouds
151,Bredasdorp,ZA,-34.5322,20.0403,48.27,88,0,6.64,clear sky
152,Salekhard,RU,66.53,66.6019,33.06,78,27,21.14,scattered clouds
153,Esperance,AU,-33.8667,121.9,52.16,65,75,11.05,broken clouds
154,Cape Town,ZA,-33.9258,18.4232,57.11,89,41,1.01,light rain
155,Menongue,AO,-14.6585,17.691,69.28,55,47,5.03,scattered clouds
156,Aplahoue,BJ,6.9333,1.6833,73.63,95,96,5.61,light rain
157,Ribeira Grande,PT,38.5167,-28.7,69.78,66,33,9.71,scattered clouds
158,Dikson,RU,73.5069,80.5464,35.56,77,100,19.84,overcast clouds
159,Vila Velha,BR,-20.3297,-40.2925,76.95,83,75,2.3,broken clouds
160,Kodiak,US,57.79,-152.4072,51.31,76,20,5.75,few clouds
161,Mount Gambier,AU,-37.8333,140.7667,44.51,87,75,23.02,broken clouds
162,Arraial Do Cabo,BR,-22.9661,-42.0278,73.26,88,75,4.61,broken clouds
163,Lasa,IT,46.6166,10.7002,54.01,99,100,5.39,overcast clouds
164,Hobart,AU,-42.8794,147.3294,48.25,76,40,3.0,scattered clouds
165,Tipacoque,CO,6.4203,-72.6918,67.44,86,81,1.54,broken clouds
166,Sao Filipe,CV,14.8961,-24.4956,80.06,81,96,12.28,overcast clouds
167,Bogalusa,US,30.791,-89.8487,84.25,70,1,5.75,clear sky
168,Hurghada,EG,27.2574,33.8129,83.93,41,0,9.86,clear sky
169,Sioux Lookout,CA,50.1001,-91.917,79.18,61,75,11.5,broken clouds
170,Bako,ET,5.7833,36.5667,64.09,79,19,3.96,light rain
171,Te Anau,NZ,-45.4167,167.7167,43.41,95,74,7.47,broken clouds
172,Petropavlovsk-Kamchatskiy,RU,53.0452,158.6483,48.79,100,90,11.18,light intensity shower rain
173,Bubaque,GW,11.2833,-15.8333,81.01,81,100,10.6,moderate rain
174,Tasiilaq,GL,65.6145,-37.6368,35.76,75,84,1.97,broken clouds
175,Coquimbo,CL,-29.9533,-71.3436,58.73,72,20,11.5,few clouds
176,Hilo,US,19.7297,-155.09,84.27,84,90,9.22,moderate rain
177,Guarapari,BR,-20.6667,-40.4975,76.89,91,16,2.95,few clouds
178,Isangel,VU,-19.55,169.2667,73.09,62,32,12.88,scattered clouds
179,Adrar,MR,20.5022,-10.0711,92.86,23,3,19.33,clear sky
180,Holme,DK,56.1138,10.1725,54.3,83,100,8.37,overcast clouds
181,Georgetown,MY,5.4112,100.3354,80.53,97,20,5.75,few clouds
182,Beira,MZ,-19.8436,34.8389,62.69,82,0,6.91,clear sky
183,Ust-Ilimsk,RU,58.0006,102.6619,47.8,82,96,4.0,overcast clouds
184,Eyl,SO,7.9803,49.8164,78.01,76,76,13.13,broken clouds
185,Laguna,US,38.421,-121.4238,82.6,35,1,4.0,clear sky
186,Pacasmayo,PE,-7.4006,-79.5714,65.12,75,49,17.07,scattered clouds
187,Mahibadhoo,MV,3.7833,72.9667,82.15,77,99,6.89,overcast clouds
188,Broome,US,42.2506,-75.833,69.8,54,1,5.75,clear sky
189,Chapais,CA,49.7834,-74.8492,58.78,52,48,5.1,scattered clouds
190,Bengkulu,ID,-3.8004,102.2655,73.47,90,93,2.71,overcast clouds
191,Namatanai,PG,-3.6667,152.4333,81.68,72,71,3.36,broken clouds
192,Cockburn Town,TC,21.4612,-71.1419,82.74,76,51,16.15,broken clouds
193,Sisimiut,GL,66.9395,-53.6735,33.49,59,100,10.0,overcast clouds
194,Alofi,NU,-19.0595,-169.9187,76.75,74,0,2.37,light rain
195,Jamestown,US,42.097,-79.2353,74.52,49,1,4.61,clear sky
196,Kahului,US,20.8947,-156.47,87.82,63,40,23.02,scattered clouds
197,Kempsey,AU,-31.0833,152.8333,63.25,38,0,3.51,clear sky
198,Kysyl-Syr,RU,63.8986,122.7617,28.2,93,84,5.93,broken clouds
199,Batasan,PH,12.7667,120.7833,79.47,81,99,3.67,overcast clouds
200,Malabo,GQ,3.75,8.7833,78.53,87,72,4.12,light rain
201,Deputatskiy,RU,69.3,139.9,18.03,94,98,6.02,overcast clouds
202,Bukoba,TZ,-1.3317,31.8122,66.42,80,31,6.2,scattered clouds
203,Cabedelo,BR,-6.9811,-34.8339,77.67,71,65,15.52,broken clouds
204,Aksarka,RU,66.5606,67.7975,31.46,89,48,23.85,scattered clouds
205,Sanica,BA,44.6142,16.6411,61.54,98,98,0.74,overcast clouds
206,Upernavik,GL,72.7868,-56.1549,25.43,60,67,6.91,broken clouds
207,Asekeyevo,RU,53.5742,52.7972,37.98,71,93,2.46,overcast clouds
208,Saldanha,ZA,-33.0117,17.9442,57.25,80,87,8.23,overcast clouds
209,Hamilton,US,39.1834,-84.5333,85.59,56,1,1.99,clear sky
210,Taoudenni,ML,22.6783,-3.9836,99.75,10,0,6.33,clear sky
211,Kisangani,CD,0.5167,25.2,68.38,99,23,1.99,light rain
212,Avera,US,33.194,-82.5271,84.07,61,100,9.66,overcast clouds
213,Batagay,RU,67.6333,134.6333,26.76,90,84,2.44,broken clouds
214,Iringa,TZ,-7.7667,35.7,58.48,82,2,9.82,clear sky
215,Praia Da Vitoria,PT,38.7333,-27.0667,70.05,83,75,10.4,broken clouds
216,Plettenberg Bay,ZA,-34.0527,23.3716,55.65,87,41,4.99,scattered clouds
217,Mnogovershinnyy,RU,53.9353,139.9242,42.12,75,3,9.78,clear sky
218,Umm Lajj,SA,25.0213,37.2685,83.89,60,7,7.56,clear sky
219,Souillac,MU,-20.5167,57.5167,65.35,63,30,9.73,scattered clouds
220,Xuzhou,CN,34.1805,117.1571,62.11,94,100,12.59,overcast clouds
221,Seymchan,RU,62.8833,152.4333,38.53,84,100,11.07,overcast clouds
222,Tuatapere,NZ,-46.1333,167.6833,52.83,74,43,9.42,scattered clouds
223,San Onofre,CO,9.7359,-75.5263,81.45,83,97,5.82,overcast clouds
224,Wuwei,CN,37.9281,102.6414,59.7,32,0,7.25,clear sky
225,Garmsar,IR,35.2182,52.3409,81.81,18,0,5.99,clear sky
226,Puerto Baquerizo Moreno,EC,-0.9,-89.6,72.59,83,75,11.5,broken clouds
227,Saint-Francois,FR,46.4154,3.9054,60.24,94,90,9.22,overcast clouds
228,Klaksvik,FO,62.2266,-6.589,52.72,87,46,9.17,scattered clouds
229,Lodja,CD,-3.4833,23.4333,69.67,91,98,0.11,overcast clouds
230,Poya,NC,-21.35,165.15,73.6,49,4,4.0,clear sky
231,Washington,US,47.5001,-120.5015,68.58,36,24,9.82,few clouds
232,Vyazma,RU,55.2104,34.2951,40.93,94,100,16.84,overcast clouds
233,Batavia,US,41.85,-88.3126,91.06,46,40,1.01,scattered clouds
234,Okhotsk,RU,59.3833,143.3,45.81,83,100,8.79,overcast clouds
235,Khorixas,NA,-20.3667,14.9667,62.55,47,0,3.51,clear sky
236,Seoul,KR,37.5683,126.9778,69.37,68,0,8.05,clear sky
237,Boa Vista,BR,2.8197,-60.6733,80.58,89,75,4.61,broken clouds
238,Derzhavinsk,KZ,51.1,66.3167,39.13,57,5,9.17,clear sky
239,Vardo,NO,70.3705,31.1107,43.0,76,100,22.79,overcast clouds
240,Algiers,DZ,36.7525,3.042,73.22,78,40,2.3,scattered clouds
241,Eureka,US,40.8021,-124.1637,71.74,74,56,9.42,broken clouds
242,Yellowknife,CA,62.456,-114.3525,50.52,62,75,4.61,broken clouds
243,Tiksi,RU,71.6872,128.8694,34.2,75,100,19.28,overcast clouds
244,Tual,ID,-5.6667,132.75,79.77,81,84,17.96,broken clouds
245,Bestobe,KZ,52.4994,73.0975,38.32,69,15,18.77,few clouds
246,Pevek,RU,69.7008,170.3133,30.88,75,92,8.03,overcast clouds
247,Victoria Point,AU,-27.5833,153.3,72.48,82,4,5.01,clear sky
248,Acari,PE,-15.4311,-74.6158,65.53,75,55,6.76,broken clouds
249,Kamphaeng Phet,TH,16.25,99.5,76.59,89,100,0.85,light rain
250,Longyearbyen,SJ,78.2186,15.6401,39.04,93,75,2.3,broken clouds
251,Serebryanyy Bor,RU,56.8,124.8,37.24,75,95,1.45,overcast clouds
252,Bilibino,RU,68.0546,166.4372,22.01,76,26,4.07,scattered clouds
253,Buala,SB,-8.145,159.5921,81.57,80,100,8.01,moderate rain
254,San Rafael,AR,-34.6177,-68.3301,63.28,30,1,23.53,clear sky
255,Fowa,NG,8.9167,6.4,76.01,88,60,3.2,broken clouds
256,Lianzhou,CN,24.7811,112.3825,75.24,97,9,1.41,clear sky
257,Severo-Kurilsk,RU,50.6789,156.125,50.0,93,100,18.07,overcast clouds
258,Fort Nelson,CA,58.8053,-122.7002,56.79,47,75,5.75,broken clouds
259,Saravan,AM,39.7196,45.6483,56.05,42,0,5.55,clear sky
260,Yatou,CN,37.15,122.3833,72.57,84,100,21.83,moderate rain
261,Cabo San Lucas,MX,22.8909,-109.9124,93.51,66,20,10.36,few clouds
262,Oksfjord,NO,70.2396,22.3479,47.32,76,97,9.1,overcast clouds
263,Vrbno Pod Pradedem,CZ,50.1209,17.3832,45.55,74,81,4.5,broken clouds
264,Hualmay,PE,-11.0964,-77.6139,63.36,73,15,12.35,few clouds
265,Honiara,SB,-9.4333,159.95,81.5,81,96,10.49,overcast clouds
266,Hirara,JP,24.8,125.2833,79.07,94,75,4.61,broken clouds
267,Merke,KZ,42.8728,73.1786,57.74,36,26,1.21,scattered clouds
268,Saryg-Sep,RU,51.5,95.6,46.85,61,24,4.63,few clouds
269,Howard Springs,AU,-12.497,131.047,76.91,95,64,7.58,broken clouds
270,Port Lincoln,AU,-34.7333,135.8667,53.15,59,82,24.11,broken clouds
271,Kudahuvadhoo,MV,2.6708,72.8944,82.04,77,90,8.14,overcast clouds
272,Leningradskiy,RU,69.3833,178.4167,28.24,84,92,21.79,overcast clouds
273,Jacqueville,CI,5.2052,-4.4146,76.91,90,3,8.84,clear sky
274,Cristalina,BR,-16.7686,-47.6136,75.49,22,78,4.34,broken clouds
275,Hokitika,NZ,-42.7167,170.9667,52.29,78,92,5.99,overcast clouds
276,Gumrak,RU,48.7826,44.3824,58.91,51,0,11.18,clear sky
277,Erzin,TR,36.9559,36.2,75.92,80,1,1.19,clear sky
278,Hutchinson,US,38.0608,-97.9298,91.81,37,1,5.99,clear sky
279,Boende,CD,-0.2167,20.8667,67.35,99,84,1.5,broken clouds
280,Shetpe,KZ,44.1667,52.1167,67.39,33,91,18.16,overcast clouds
281,Karasjok,NO,69.4719,25.5112,39.31,89,100,9.86,overcast clouds
282,Umreth,IN,22.7,73.1167,80.58,91,97,6.2,overcast clouds
283,Alice Springs,AU,-23.7,133.8833,63.95,63,75,5.75,broken clouds
284,Provideniya,RU,64.3833,-173.3,33.91,55,20,13.42,few clouds
285,Dunedin,NZ,-45.8742,170.5036,51.57,68,62,4.32,broken clouds
286,Adeje,ES,28.1227,-16.726,73.02,71,40,1.01,scattered clouds
287,Kamenka,RU,51.3223,42.7678,51.55,56,100,19.42,moderate rain
288,Takoradi,GH,4.8845,-1.7554,75.54,92,15,7.81,few clouds
289,Saint-Georges,GD,12.0564,-61.7485,83.88,74,20,0.0,few clouds
290,Jiutai,CN,44.1525,125.8328,52.14,86,100,6.38,moderate rain
291,San Jose,US,37.3394,-121.895,81.64,45,40,8.01,scattered clouds
292,Dingzhou,CN,38.5131,114.9956,62.71,97,100,5.57,light rain
293,Laguna De Perlas,NI,12.3429,-83.6712,86.09,75,70,6.87,broken clouds
294,Mogadishu,SO,2.0371,45.3438,77.18,84,6,18.57,clear sky
295,Charters Towers,AU,-20.1,146.2667,65.59,71,15,8.1,few clouds
296,Kangaatsiaq,GL,68.3065,-53.4641,31.55,64,100,3.31,overcast clouds
297,Tabou,CI,4.423,-7.3528,77.85,85,61,4.38,broken clouds
298,Abha,SA,18.2164,42.5053,67.82,19,0,0.0,clear sky
299,Cayenne,GF,4.9333,-52.3333,84.09,76,0,3.0,clear sky
300,Coihaique,CL,-45.5752,-72.0662,48.15,53,40,6.91,scattered clouds
301,Baykit,RU,61.67,96.37,44.62,98,100,2.13,light rain
302,Erdenet,MN,49.0333,104.0833,46.33,91,33,3.44,scattered clouds
303,Padang,ID,-0.9492,100.3543,75.25,84,97,3.58,overcast clouds
304,Manta,EC,-0.95,-80.7333,82.18,69,75,14.97,broken clouds
305,Sakakah,SA,29.9697,40.2064,83.77,22,0,3.51,clear sky
306,Yangambi,CD,0.8102,24.4336,69.51,91,74,2.19,broken clouds
307,Tessalit,ML,20.1986,1.0114,92.35,10,0,8.16,clear sky
308,Tulun,RU,54.5611,100.5792,46.62,95,72,0.54,broken clouds
309,Tiznit,MA,29.5833,-9.5,63.9,86,87,3.0,overcast clouds
310,Bristol,US,41.8334,-71.1662,71.15,65,1,5.75,clear sky
311,Dakar,SN,14.6937,-17.4441,77.88,78,19,9.98,few clouds
312,Torbay,CA,47.6666,-52.7314,58.75,97,90,11.5,fog
313,Whitehorse,CA,60.7161,-135.0538,51.1,53,75,6.91,broken clouds
314,Sorland,NO,67.667,12.6934,52.23,78,100,11.23,overcast clouds
315,Luderitz,NA,-26.6481,15.1594,54.59,85,0,9.53,clear sky
316,Velyka Lepetykha,UA,47.1757,33.9436,61.81,75,49,13.78,scattered clouds
317,Biak,ID,-0.9131,122.8766,75.2,83,93,3.51,overcast clouds
318,Kanniyakumari,IN,8.0833,77.5667,79.23,86,97,14.52,overcast clouds
319,Yuxia,CN,34.0615,108.6291,59.61,73,95,5.91,overcast clouds
320,Tatawin,TN,32.9297,10.4518,85.08,51,0,3.09,clear sky
321,Itarema,BR,-2.9248,-39.9167,78.46,76,97,16.58,overcast clouds
322,Mount Isa,AU,-20.7333,139.5,78.57,29,3,8.05,clear sky
323,Grindavik,IS,63.8424,-22.4338,48.67,100,90,25.32,overcast clouds
324,Lovrenc Na Pohorju,SI,46.5406,15.3931,58.08,96,100,3.87,light rain
325,Vero Beach,US,27.6386,-80.3973,86.07,78,1,4.0,clear sky
326,The Valley,AI,18.217,-63.0578,80.82,94,20,4.61,few clouds
327,Lander,US,42.833,-108.7307,70.2,36,20,23.02,few clouds
328,San Juan,AR,-31.5375,-68.5364,71.73,29,0,20.83,clear sky
329,Atar,MR,20.5169,-13.0499,90.37,37,74,19.44,broken clouds
330,Sollies-Pont,FR,43.1898,6.0432,67.05,59,0,11.99,clear sky
331,Makakilo City,US,21.3469,-158.0858,86.32,55,40,12.66,scattered clouds
332,Chilchotla,MX,19.2548,-97.1844,62.96,84,100,4.18,overcast clouds
333,Buraydah,SA,26.326,43.975,86.45,19,0,12.35,clear sky
334,Marawi,PH,7.9986,124.2928,65.64,96,100,1.36,overcast clouds
335,Ust-Kuyga,RU,70.0167,135.6,28.54,65,65,5.95,broken clouds
336,Peabiru,BR,-23.9128,-52.3431,83.73,28,30,2.21,scattered clouds
337,Paamiut,GL,61.994,-49.6678,36.79,83,91,7.67,overcast clouds
338,Morant Bay,JM,17.8815,-76.4093,84.65,73,92,7.36,overcast clouds
339,Lagoa,PT,39.05,-27.9833,68.65,63,57,11.83,broken clouds
340,Tagusao,PH,9.1924,117.8141,80.11,81,95,4.29,overcast clouds
341,Punta Alta,AR,-38.8759,-62.0736,55.15,98,100,9.37,moderate rain
342,Webuye,KE,0.6075,34.7697,59.54,89,26,4.45,scattered clouds
343,Paita,PE,-5.0892,-81.1144,66.24,78,27,19.48,scattered clouds
344,Quatre Cocos,MU,-20.2078,57.7625,69.91,61,87,11.21,overcast clouds
345,Beatrice,US,40.2681,-96.747,91.04,40,1,18.41,clear sky
346,Lompoc,US,34.6391,-120.4579,88.79,67,1,21.85,clear sky
347,Aasiaat,GL,68.7098,-52.8699,23.22,69,100,5.57,overcast clouds
348,Galbshtadt,RU,53.2264,78.9845,38.77,71,59,14.2,broken clouds
349,Brighton,GB,50.8284,-0.1395,62.22,84,100,4.0,overcast clouds
350,Kavaratti,IN,10.5669,72.642,81.45,80,100,12.1,overcast clouds
351,Sterlitamak,RU,53.6246,55.9502,34.79,75,70,2.64,broken clouds
352,Naze,JP,28.3667,129.4833,74.32,75,26,3.0,scattered clouds
353,Bambous Virieux,MU,-20.3428,57.7575,70.05,56,40,6.91,scattered clouds
354,Elizabeth City,US,36.2946,-76.2511,81.01,80,1,1.01,clear sky
355,Kuvandyk,RU,51.4781,57.3552,37.33,64,24,2.48,few clouds
356,Johi,PK,26.6921,67.6133,92.89,47,8,10.51,clear sky
357,Bonthe,SL,7.5264,-12.505,76.3,90,100,5.1,light rain
358,Eura,FI,61.1333,22.1333,44.82,87,11,5.61,few clouds
359,Itoman,JP,26.1247,127.6694,79.57,80,20,2.3,few clouds
360,Meulaboh,ID,4.1363,96.1285,73.0,94,100,10.36,moderate rain
361,Nema,RU,57.5067,50.5011,39.24,55,100,6.62,overcast clouds
362,San Borja,BO,-14.8167,-66.85,90.14,40,40,2.66,scattered clouds
363,Pitsunda,GE,43.1592,40.3378,62.78,65,86,8.03,overcast clouds
364,Coracora,PE,-15.0333,-73.7833,57.04,39,72,7.96,broken clouds
365,Mahebourg,MU,-20.4081,57.7,70.09,56,40,6.91,scattered clouds
366,Iskele,TR,39.484,26.9278,68.09,68,0,5.75,clear sky
367,Victoria,HK,22.2855,114.1577,85.32,85,21,4.74,few clouds
368,Cidreira,BR,-30.1811,-50.2056,66.76,97,89,16.82,moderate rain
369,Gallup,US,35.5281,-108.7426,78.64,35,40,5.99,scattered clouds
370,Salinas,US,36.6777,-121.6555,83.98,64,1,18.41,clear sky
371,Burnie,AU,-41.0667,145.9167,45.54,86,89,17.74,light rain
372,Burley,US,42.5357,-113.7928,55.36,54,20,12.66,few clouds
373,Aranos,NA,-24.1333,19.1167,64.04,16,0,12.5,clear sky
374,Hobyo,SO,5.3505,48.5268,76.96,84,97,25.59,overcast clouds
375,Jiexiu,CN,37.0244,111.9125,56.86,86,70,4.05,broken clouds
376,Barcelos,PT,41.5388,-8.6151,63.84,91,35,5.88,scattered clouds
377,Show Low,US,34.2542,-110.0298,83.08,40,1,21.85,clear sky
378,Reconquista,AR,-29.15,-59.65,89.87,34,86,8.21,overcast clouds
379,Sampit,ID,-2.5333,112.95,71.38,98,26,1.74,scattered clouds
380,Waingapu,ID,-9.6567,120.2641,79.25,79,99,10.45,overcast clouds
381,High Prairie,CA,55.4334,-116.4858,56.5,52,95,11.59,overcast clouds
382,Palana,RU,59.1167,159.9667,47.26,70,99,3.27,overcast clouds
383,Rio Grande,BR,-32.035,-52.0986,64.94,96,100,8.59,heavy intensity rain
384,Fairbanks,US,64.8378,-147.7164,46.36,66,75,5.75,broken clouds
385,Vila Franca Do Campo,PT,37.7167,-25.4333,68.41,74,73,8.88,broken clouds
386,Palmer,US,42.1584,-72.3287,72.21,55,20,4.61,few clouds
387,Carutapera,BR,-1.195,-46.02,78.93,79,81,8.34,broken clouds
388,Yumen,CN,40.2833,97.2,65.59,20,3,7.34,clear sky
389,Majur,RS,44.7697,19.6544,64.62,56,74,3.24,light rain
390,Lavrentiya,RU,65.5833,-171.0,32.22,62,3,10.2,clear sky
391,Iraan,US,30.914,-101.8979,95.56,16,0,1.99,clear sky
392,Matara,LK,5.9485,80.5353,77.97,89,42,6.76,scattered clouds
393,Alekseyevsk,RU,57.8406,108.3492,49.57,87,100,1.99,overcast clouds
394,Pacifica,US,37.6138,-122.4869,82.26,78,75,1.01,broken clouds
395,Kolyvan,RU,55.3053,82.7391,43.05,84,88,8.72,overcast clouds
396,Trelew,AR,-43.249,-65.3051,57.63,38,93,6.46,overcast clouds
397,Bay Roberts,CA,47.5999,-53.2648,59.5,96,100,10.0,moderate rain
398,Orlik,RU,52.5178,99.825,44.74,64,86,2.68,overcast clouds
399,Makokou,GA,0.5738,12.8642,71.06,97,98,0.83,light rain
400,Nanakuli,US,21.3906,-158.1547,87.75,54,40,12.66,scattered clouds
401,Vao,NC,-22.6667,167.4833,67.23,65,100,14.14,overcast clouds
402,Sola,VU,-13.8833,167.55,83.07,74,75,6.91,broken clouds
403,Prince Rupert,CA,54.3161,-130.3201,55.49,85,90,4.61,light rain
404,Sept-Iles,CA,50.2001,-66.3821,55.06,80,18,5.99,few clouds
405,San Cristobal,VE,7.7669,-72.225,77.18,86,65,3.53,broken clouds
406,Klyuchi,RU,52.2667,79.1667,40.14,68,62,13.73,broken clouds
407,Kruisfontein,ZA,-34.0033,24.7314,50.88,91,47,6.02,scattered clouds
408,Saint-Leu,RE,-21.15,55.2833,63.46,64,12,10.71,few clouds
409,Waitati,NZ,-45.75,170.5667,52.39,67,73,4.85,broken clouds
410,Oga,IT,46.4631,10.347,46.63,99,100,6.62,overcast clouds
411,Garlasco,IT,45.1974,8.9238,60.33,83,18,6.93,few clouds
412,Neuquen,AR,-38.9516,-68.0591,64.29,22,0,8.05,clear sky
413,Flinders,AU,-34.5833,150.8552,64.26,40,0,7.14,clear sky
414,Zambezi,ZM,-13.5432,23.1047,75.99,23,58,7.02,broken clouds
415,Salta,AR,-24.7859,-65.4117,81.57,37,40,5.99,scattered clouds
416,San Antero,CO,9.3741,-75.7589,80.96,83,86,7.76,overcast clouds
417,La Paz,BO,-16.5,-68.15,52.23,57,93,11.83,overcast clouds
418,Sortland,NO,68.6949,15.4162,48.36,68,100,5.82,overcast clouds
419,Kanevskaya,RU,46.0849,38.9596,62.42,88,99,8.9,moderate rain
420,Northam,GB,51.0333,-4.2167,59.67,84,2,7.27,clear sky
421,Champerico,GT,14.3,-91.9167,87.35,74,85,5.93,overcast clouds
422,Goderich,CA,43.7501,-81.7165,74.21,60,0,3.44,clear sky
423,Catuday,PH,16.2923,119.8062,77.94,83,90,7.09,overcast clouds
424,Spencer,US,43.1414,-95.1444,88.74,25,100,21.34,overcast clouds
425,Novokayakent,RU,42.3937,47.9861,60.85,62,5,2.59,clear sky
426,Bud,US,39.447,-86.1758,85.95,62,100,6.93,overcast clouds
427,Esmeralda,CU,21.8525,-78.1169,88.84,72,94,10.2,overcast clouds
428,Lovrin,RO,45.9681,20.7703,55.56,58,28,7.65,light rain
429,Marsh Harbour,BS,26.5412,-77.0636,83.73,68,78,8.75,broken clouds
430,Sozopol,BG,42.4167,27.7,62.94,76,32,3.15,light rain
431,Ulladulla,AU,-35.35,150.4667,64.09,46,0,9.01,clear sky
432,Nyagan,RU,62.1406,65.3936,33.8,97,100,12.44,overcast clouds
433,Aklavik,CA,68.2191,-135.0107,46.0,48,20,2.51,few clouds
434,Lluta,PE,-16.0147,-72.0142,52.07,42,45,6.38,light rain
435,Itabera,BR,-23.8619,-49.1372,75.07,65,31,7.61,scattered clouds
436,Ormara,PK,25.2088,64.6357,80.76,87,3,14.79,clear sky
437,Kushmurun,KZ,52.4503,64.6311,36.28,69,7,10.33,clear sky
438,Gat,IL,31.61,34.7642,77.4,65,0,4.85,clear sky
439,Am Timan,TD,11.0297,20.2827,73.63,88,62,1.03,broken clouds
440,Ancud,CL,-41.8697,-73.8203,51.42,80,34,8.05,scattered clouds
441,North Augusta,US,33.5018,-81.9651,84.51,73,40,5.75,scattered clouds
442,Verkhnevilyuysk,RU,63.4453,120.3167,23.65,96,9,3.85,clear sky
443,Turukhansk,RU,65.8167,87.9833,38.26,90,98,2.42,overcast clouds
444,Bella Union,UY,-30.2752,-57.6007,74.08,85,99,13.91,overcast clouds
445,Yabelo,ET,4.8833,38.0833,65.32,63,75,3.18,light rain
446,Contai,IN,21.7786,87.7536,76.51,92,100,4.16,moderate rain
447,Male,MV,4.1748,73.5089,81.93,79,88,8.59,overcast clouds
448,Shizunai,JP,42.3339,142.3669,61.59,60,59,8.21,broken clouds
449,Dyersburg,US,36.0345,-89.3856,81.09,78,90,3.44,overcast clouds
450,Parati,BR,-23.2178,-44.7131,85.1,95,80,1.97,broken clouds
451,Copiapo,CL,-27.3667,-70.3333,55.09,44,1,5.97,clear sky
452,West Plains,US,36.7281,-91.8524,83.32,67,75,1.01,broken clouds
453,Rawah,IQ,34.4816,41.9093,79.29,25,0,5.93,clear sky
454,Nemuro,JP,43.3236,145.575,58.42,72,84,7.05,broken clouds
455,Poum,NC,-20.2333,164.0167,72.37,61,7,17.67,clear sky
456,Clonakilty,IE,51.6231,-8.8706,54.61,87,57,7.25,broken clouds
457,Ransang,PH,8.9603,117.5828,79.16,83,92,2.46,overcast clouds
458,Labuhan,ID,-6.8844,112.2051,76.66,78,33,8.88,scattered clouds
459,Cabra,ES,37.4725,-4.4421,76.39,50,0,3.96,clear sky
460,Kavieng,PG,-2.5744,150.7967,82.56,74,44,9.24,scattered clouds
461,Saint George,US,37.1041,-113.5841,94.62,15,1,3.0,clear sky
462,Tarko-Sale,RU,64.9225,77.785,34.57,92,49,8.84,scattered clouds
463,Ilhabela,BR,-23.7781,-45.3581,71.17,94,48,6.2,scattered clouds
464,Banda Aceh,ID,5.5577,95.3222,75.79,87,100,15.66,light rain
465,Taft,IR,31.7471,54.2088,73.35,14,40,2.3,scattered clouds
466,Salalah,OM,17.0151,54.0924,80.69,89,75,5.75,broken clouds
467,Tymovskoye,RU,50.8456,142.655,46.24,78,33,3.04,scattered clouds
468,Passos,BR,-20.7189,-46.6097,84.6,25,75,4.43,broken clouds
469,Virginia Beach,US,36.8529,-75.978,80.62,76,40,10.36,scattered clouds
470,Beloha,MG,-25.1667,45.05,59.85,69,2,8.75,clear sky
471,Barra Da Estiva,BR,-13.6261,-41.3269,70.72,33,2,1.72,clear sky
472,Muscle Shoals,US,34.7448,-87.6675,77.27,85,75,3.0,broken clouds
473,Madimba,TZ,-10.4,40.3333,73.96,71,0,13.11,clear sky
474,Jacareacanga,BR,-6.2222,-57.7528,82.09,60,85,1.1,light rain
475,Pangkalanbuun,ID,-2.6833,111.6167,72.14,95,43,2.33,scattered clouds
476,Alpena,US,45.0617,-83.4327,77.94,69,1,7.0,clear sky
477,Gazojak,TM,41.1875,61.4036,61.84,29,0,12.26,clear sky
478,Warrnambool,AU,-38.3833,142.4833,48.83,76,63,24.65,broken clouds
479,Mana,GF,5.6592,-53.7767,79.92,81,67,10.36,broken clouds
480,Kirakira,SB,-10.4544,161.9205,82.22,78,99,13.31,light rain
481,Praya,CV,14.9215,-23.5087,79.34,89,40,6.91,scattered clouds
482,Saint-Etienne,FR,45.4333,4.4,54.23,100,90,2.3,overcast clouds
483,Lata,PT,40.1629,-8.3327,62.08,96,5,2.04,clear sky
484,Kaeo,NZ,-35.1,173.7833,65.32,67,30,6.73,scattered clouds
485,Bereda,ES,43.2686,-7.5406,55.99,100,74,2.46,broken clouds
486,Kabare,CD,-2.4683,28.8242,61.92,90,58,1.5,broken clouds
487,Gilgit,PK,35.9221,74.3087,77.65,52,3,3.62,clear sky
488,Barabai,ID,-2.5833,115.3833,70.95,86,77,1.74,broken clouds
489,Bundaberg,AU,-24.85,152.35,70.09,68,0,4.61,clear sky
490,Mitsamiouli,KM,-11.3847,43.2844,76.37,70,0,8.03,clear sky
491,Katobu,ID,-4.9408,122.5276,70.36,94,100,7.0,light rain
492,Sirsi,IN,14.6167,74.85,69.44,95,100,3.58,overcast clouds
493,Itamaraca,BR,-7.7478,-34.8256,77.68,77,83,12.88,broken clouds
494,Freeport,US,40.6576,-73.5832,78.31,51,1,1.99,clear sky
495,Awbari,LY,26.5921,12.7805,81.36,21,0,5.01,clear sky
496,Spirit River,CA,55.7833,-118.8361,55.92,56,95,8.19,overcast clouds
497,Moulins,FR,46.5,3.3333,61.09,95,100,4.97,overcast clouds
498,Amahai,ID,-3.3333,128.9167,77.38,88,54,2.08,broken clouds
499,Tarrega,ES,41.647,1.1396,67.82,59,44,3.31,scattered clouds
500,Afyonkarahisar,TR,38.75,30.6667,64.0,54,1,3.87,clear sky
501,Port Hawkesbury,CA,45.6169,-61.3485,61.59,79,1,7.0,clear sky
502,Teguise,ES,29.0605,-13.564,70.02,68,40,8.05,scattered clouds
503,Foz,ES,43.5692,-7.2544,60.08,89,80,3.11,broken clouds
504,San Jose De Rio Tinto,HN,14.9333,-85.7,88.05,49,93,6.2,overcast clouds
505,Kailua,US,21.4022,-157.7394,87.78,62,43,12.66,scattered clouds
506,Ambon,ID,-3.6954,128.1814,75.34,94,75,4.61,thunderstorm with heavy rain
507,Araouane,ML,18.9048,-3.5265,97.9,13,7,8.81,clear sky
508,Kota Belud,MY,6.351,116.4305,76.86,87,56,3.78,broken clouds
509,Antigonish,CA,45.6169,-61.9986,59.83,84,3,5.99,clear sky
510,Burns Lake,CA,54.2331,-125.7533,49.42,59,100,7.99,overcast clouds
511,Bin Qirdan,TN,33.1378,11.2197,81.32,67,0,4.45,clear sky
512,Port Blair,IN,11.6667,92.75,79.97,84,100,2.55,moderate rain
513,Kuito,AO,-12.3833,16.9333,60.96,82,53,5.64,broken clouds
514,Quincy,US,42.2529,-71.0023,71.53,65,20,8.05,few clouds
515,Tankhoy,RU,51.5528,105.1306,53.38,83,1,5.84,clear sky
516,Ekhabi,RU,53.5102,142.9671,50.83,60,48,17.31,scattered clouds
517,Hambantota,LK,6.1241,81.1185,79.54,85,36,11.86,scattered clouds
518,Tangzhai,CN,34.4328,116.5911,61.54,93,100,11.92,overcast clouds
519,Tezu,IN,27.9167,96.1667,73.83,82,2,3.27,clear sky
520,Puerto Madryn,AR,-42.7692,-65.0385,55.45,48,60,11.05,broken clouds
521,Yamethin,MM,20.4333,96.15,74.55,92,100,2.24,overcast clouds
522,Ahero,KE,-0.1746,34.9163,65.86,84,66,3.91,broken clouds
523,Noumea,NC,-22.2763,166.4572,71.58,56,5,10.0,clear sky
524,Vizinga,RU,61.0749,50.1031,32.09,94,72,5.53,broken clouds
525,Mandalgovi,MN,45.7625,106.2708,48.6,94,7,8.75,clear sky
526,Fundata,RO,45.4367,25.2751,46.47,82,2,1.03,clear sky
527,Ximei,CN,24.9639,118.3794,80.33,94,3,2.06,clear sky
528,Santiago,CL,-33.4569,-70.6483,62.04,51,75,6.91,broken clouds
529,Synya,RU,65.3718,58.0387,32.36,91,39,8.99,scattered clouds
530,Santa Cruz,BO,-17.8,-63.1667,87.85,51,38,13.8,scattered clouds
531,Paraiso,CR,9.8383,-83.8656,73.89,67,78,3.2,broken clouds
532,Dhanaula,IN,30.2833,75.5833,79.47,78,1,4.7,clear sky
533,Ahipara,NZ,-35.1667,173.1667,59.45,70,18,7.02,few clouds
534,Nioro,GM,13.35,-15.75,78.8,87,100,4.21,overcast clouds
535,Puri,IN,19.8,85.85,79.32,78,100,4.61,light rain
536,Severodvinsk,RU,64.5635,39.8302,41.11,70,56,6.26,broken clouds
537,Aswan,EG,24.0934,32.907,86.31,17,1,8.43,clear sky
538,Fitjar,NO,59.9184,5.3192,56.46,72,100,10.29,light rain
539,Nome,US,64.5011,-165.4064,39.27,49,40,8.05,scattered clouds
540,Ambalavao,MG,-21.8333,46.9333,52.27,91,83,5.53,broken clouds
541,El Tigre,VE,8.8875,-64.2454,82.65,61,81,1.97,broken clouds
542,Jiuquan,CN,39.7432,98.5174,65.77,20,4,8.81,clear sky
543,Brokopondo,SR,4.75,-55.1667,83.77,68,92,7.29,overcast clouds
544,Espanola,US,35.9911,-106.0806,85.17,33,67,12.35,broken clouds
545,Khuldabad,IN,20.05,75.1833,70.0,91,87,5.01,overcast clouds
546,Shingu,JP,33.7333,135.9833,72.91,85,98,6.55,overcast clouds
547,Tongren,CN,27.7172,109.1853,69.01,97,82,1.88,light rain
548,Gafanha Da Encarnacao,PT,40.6181,-8.733,64.27,79,14,18.03,few clouds
549,Itacare,BR,-14.2775,-38.9967,76.89,79,8,6.67,clear sky
550,Cloquet,US,46.7216,-92.4594,85.98,49,1,18.41,clear sky
551,Paramonga,PE,-10.6667,-77.8333,62.64,78,11,12.21,few clouds
552,Bonfim,BR,3.0833,-59.95,83.01,68,83,2.98,broken clouds
553,Guerande,FR,47.3291,-2.4283,58.69,77,98,13.33,overcast clouds
554,Yerbogachen,RU,61.2767,108.0108,38.88,96,96,1.97,overcast clouds
555,Strezhevoy,RU,60.7333,77.5889,39.18,94,100,7.02,overcast clouds
556,Talnakh,RU,69.4865,88.3972,36.32,92,100,4.83,overcast clouds
557,Guasdualito,VE,7.2424,-70.7324,79.63,86,45,1.5,scattered clouds
558,Kibala,TD,9.1104,18.3463,73.35,94,20,0.0,thunderstorm with rain
559,Port Hedland,AU,-20.3167,118.5667,62.65,45,5,8.05,clear sky
560,Udachnyy,RU,66.4167,112.4,28.27,79,100,5.75,overcast clouds
561,Mizan Teferi,ET,6.9833,35.5833,60.21,96,85,2.91,overcast clouds
562,Neiafu,TO,-18.65,-173.9833,79.48,78,75,14.09,light rain
563,Port-Gentil,GA,-0.7193,8.7815,77.23,81,96,10.98,overcast clouds
564,Santo Antonio Do Sudoeste,BR,-26.0736,-53.7253,76.01,59,100,2.55,overcast clouds
565,Las Palmas,ES,28.4204,-14.0131,70.59,64,35,10.36,scattered clouds
566,College,US,64.8569,-147.8028,46.65,68,75,5.75,broken clouds
567,San Patricio,US,28.017,-97.5169,97.52,37,1,5.12,clear sky
568,Tangkak,MY,2.2673,102.5453,75.07,96,100,3.38,overcast clouds
569,Zhezkazgan,KZ,47.8043,67.7144,44.11,43,0,5.17,clear sky
570,Slatinany,CZ,49.9211,15.8138,51.28,76,0,1.14,clear sky
571,Calabasas,US,34.1578,-118.6384,89.62,52,1,1.01,clear sky
572,Olavarria,AR,-36.8927,-60.3225,59.45,85,1,6.71,clear sky
573,Hays,US,30.0502,-98.0336,100.42,36,37,7.0,scattered clouds
574,Honningsvag,NO,70.9821,25.9704,38.73,77,89,24.7,overcast clouds
575,Puerto Quijarro,BO,-17.7833,-57.7667,93.72,11,11,3.36,few clouds
576,La Ronge,CA,55.1001,-105.2842,59.22,44,75,13.8,broken clouds
577,Malpe,IN,13.35,74.7167,79.9,95,86,3.42,overcast clouds
578,Ordzhonikidze,KZ,52.4411,61.7408,33.39,75,6,7.72,clear sky
579,Teocaltiche,MX,21.4333,-102.5833,78.31,68,81,8.48,broken clouds
580,Varzob,TJ,38.7737,68.8178,58.73,22,0,5.64,clear sky
581,Cradock,ZA,-32.1642,25.6192,54.21,51,0,4.29,clear sky
582,Mackay,AU,-21.15,149.2,74.05,66,12,6.38,few clouds
583,Minas,UY,-34.3759,-55.2377,60.53,93,100,14.43,overcast clouds
584,Berlevag,NO,70.8578,29.0864,44.55,65,0,16.11,clear sky
585,Muroto,JP,33.2833,134.15,73.44,75,66,11.12,broken clouds
586,Bani,DO,18.2833,-70.3333,79.86,73,28,10.6,scattered clouds
587,Shebunino,RU,46.4339,141.8603,58.69,58,1,8.9,clear sky
588,Urusha,RU,54.05,122.9,37.38,95,34,1.68,scattered clouds
589,Sabha,LY,27.0377,14.4283,84.43,21,0,8.55,clear sky
590,Merauke,ID,-8.4667,140.3333,77.45,86,99,13.6,overcast clouds
591,Ishigaki,JP,24.3448,124.1572,80.73,94,40,3.44,scattered clouds
592,Shache,CN,38.4167,77.2406,71.01,15,46,4.81,scattered clouds
593,Korla,CN,41.7597,86.1469,72.5,23,0,3.49,clear sky
594,Chegdomyn,RU,51.1167,133.0167,38.95,83,0,2.75,clear sky
595,Bavleny,RU,56.4,39.56,41.59,58,100,14.7,light rain
596,Rivadavia,AR,-33.1905,-68.4608,68.47,31,0,20.36,clear sky
597,Aksu,CN,41.1231,80.2644,71.64,23,0,4.21,clear sky
598,Cam Ranh,VN,11.9214,109.1591,75.16,94,40,2.3,scattered clouds
599,Oranjemund,NA,-28.55,16.4333,55.74,86,12,3.09,few clouds
600,Vestmannaeyjar,IS,63.4427,-20.2734,50.16,91,99,32.06,overcast clouds
601,Pontianak,ID,-0.0333,109.3333,75.18,94,40,3.44,scattered clouds
602,Muros,ES,42.7762,-9.0603,64.24,88,52,10.85,broken clouds
603,Buenos Aires,AR,-34.6132,-58.3772,66.09,83,90,11.5,overcast clouds
604,Ararat,AM,39.8317,44.7049,68.34,31,1,4.65,clear sky
605,Kalmunai,LK,7.4167,81.8167,79.75,83,56,5.44,broken clouds
606,Ambilobe,MG,-13.2,49.05,73.29,76,91,5.95,overcast clouds
607,Saint-Joseph,RE,-21.3667,55.6167,62.98,69,5,4.45,clear sky
608,Changji,CN,44.0167,87.3167,75.99,25,0,13.42,clear sky
609,Yukhnov,RU,54.7444,35.2297,43.5,95,100,14.0,overcast clouds
610,Ouesso,CG,1.6136,16.0517,69.28,99,100,2.26,overcast clouds
611,Amilly,FR,47.9728,2.7719,60.89,98,100,9.53,light rain
612,Saint-Augustin,CA,51.226,-58.6502,53.82,44,6,12.3,clear sky
613,Koumac,NC,-20.5667,164.2833,73.74,53,16,4.76,few clouds
614,Muisne,EC,0.6,-80.0333,76.35,84,74,10.11,broken clouds
615,Nangong,CN,37.3581,115.3744,61.25,94,100,19.22,light rain
616,Boca Do Acre,BR,-8.7522,-67.3978,90.82,44,63,3.15,broken clouds
617,Hailey,US,43.5196,-114.3153,51.66,58,75,9.22,broken clouds
618,Vanavara,RU,60.34,102.2797,43.16,87,100,2.51,overcast clouds
619,Grand Gaube,MU,-20.0064,57.6608,70.2,66,93,1.99,overcast clouds
620,Lithakia,GR,37.7167,20.8333,70.97,87,0,7.18,clear sky
621,Rosarito,MX,32.3333,-117.0333,84.94,61,0,7.52,clear sky
622,Vallenar,CL,-28.5708,-70.7581,68.45,37,0,5.1,clear sky
623,Kerchevskiy,RU,59.946,56.2884,33.39,89,96,8.55,overcast clouds
624,Marystown,CA,47.1666,-55.1483,55.65,95,100,20.89,overcast clouds
625,Bayshore Gardens,US,27.4253,-82.5904,86.22,62,1,8.05,clear sky
626,Ptichye,RU,45.5168,41.7115,64.78,93,100,5.97,light rain
627,Mehran,IR,33.1222,46.1646,78.28,18,0,9.37,clear sky
628,Severnyy,RU,50.677,36.5532,51.84,100,90,2.24,fog
629,Dzilam Gonzalez,MX,21.2833,-88.9333,86.58,67,42,11.39,scattered clouds
630,Metapan,SV,14.3333,-89.45,91.96,77,100,0.83,light rain
631,Hervey Bay,AU,-25.2986,152.8535,69.91,67,0,8.28,clear sky
632,Emerald,AU,-23.5333,148.1667,67.48,64,0,7.65,clear sky
633,Sterling,US,39.0062,-77.4286,80.74,71,1,4.61,clear sky
634,Tigil,RU,57.8,158.6667,52.81,63,77,10.16,broken clouds
635,Paso De Los Toros,UY,-32.8167,-56.5167,64.67,94,92,11.48,overcast clouds
636,Tailai,CN,46.3833,123.4,49.51,84,100,5.3,overcast clouds
637,Kargasok,RU,59.0556,80.8572,36.43,97,100,7.78,overcast clouds
638,Sala Consilina,IT,40.3912,15.5989,67.1,97,28,5.23,scattered clouds
639,Novyy Urengoy,RU,66.0833,76.6333,37.56,95,100,14.92,overcast clouds
640,Tura,IN,25.5198,90.2201,71.87,98,33,4.25,scattered clouds
641,Haines Junction,CA,60.7522,-137.5108,57.15,41,66,3.44,broken clouds
642,Rocha,UY,-34.4833,-54.3333,60.62,97,100,8.5,overcast clouds
643,Tromso,NO,69.6496,18.957,44.62,81,0,4.61,clear sky
644,Ayan,RU,56.45,138.1667,44.35,54,1,12.17,clear sky
645,Jvari,GE,42.7169,42.052,59.25,77,96,4.47,overcast clouds
646,Domokos,GR,39.1272,22.3003,71.56,53,0,5.88,clear sky
647,Mumbwa,ZM,-14.9783,27.0619,67.66,52,0,6.51,clear sky
648,Lufilufi,WS,-13.8745,-171.5986,87.58,68,12,6.89,few clouds
649,Linqiong,CN,30.4159,103.4609,66.02,82,0,2.01,clear sky
650,Dhidhdhoo,MV,6.8833,73.1,81.54,81,100,11.63,overcast clouds
651,Voh,NC,-20.9667,164.7,74.23,49,1,6.24,clear sky
652,Haicheng,CN,40.8516,122.7475,61.52,94,100,9.75,light rain
653,Kochi,IN,9.9399,76.2602,76.98,89,100,7.18,overcast clouds
654,Kosel,PL,50.3356,18.1433,52.32,67,100,5.28,overcast clouds
655,Asau,RO,46.4333,26.4,48.96,98,47,3.83,scattered clouds
656,Ningxiang,CN,37.34,111.2052,50.23,85,25,2.75,scattered clouds
657,Kodinsk,RU,58.6881,99.1844,46.9,86,100,3.27,overcast clouds
658,Medina,SA,24.4686,39.6142,95.43,13,20,6.91,few clouds
659,Karimpur,IN,23.9667,88.6167,77.14,95,25,3.11,scattered clouds
660,Roma,US,43.2128,-75.4557,71.46,56,1,8.05,clear sky
661,Qasigiannguit,GL,68.8193,-51.1922,23.25,77,100,4.47,overcast clouds
662,Ventersburg,ZA,-28.0856,27.1381,60.48,51,41,9.82,scattered clouds
663,Krasnoselkup,RU,65.7,82.4667,36.73,88,100,6.82,overcast clouds
664,Kuznechikha,RU,57.2161,42.3348,37.17,83,97,10.6,overcast clouds
665,Shellbrook,CA,53.2168,-106.4011,63.63,31,87,14.94,overcast clouds
666,Truro,GB,50.2653,-5.0544,58.28,92,2,9.22,clear sky
667,Panlaitan,PH,12.1191,119.8486,80.37,80,98,7.0,overcast clouds
668,Marshall,US,34.3834,-86.3333,75.38,90,40,3.44,scattered clouds
669,Valparaiso,CL,-33.0393,-71.6273,60.44,62,20,11.5,few clouds
670,Vostok,RU,46.4856,135.8833,41.4,73,6,3.13,clear sky
671,Isla Mujeres,MX,21.2311,-86.731,86.05,72,23,8.01,few clouds
672,Lemon Tree Passage,AU,-32.7327,152.036,64.83,70,0,1.99,clear sky
673,Te Horo,NZ,-40.8084,175.1233,59.58,80,43,11.01,scattered clouds
674,Rovaniemi,FI,66.5,25.7167,42.21,65,90,4.61,overcast clouds
675,Port Said,EG,31.2565,32.2841,80.67,63,0,6.17,clear sky
676,Hearst,CA,49.6835,-83.6665,70.59,57,8,14.97,clear sky
677,Esna,EG,25.2934,32.554,86.97,14,6,7.36,clear sky
678,Ha Giang,VN,22.8333,104.9833,72.16,97,100,3.31,light rain
679,Yar-Sale,RU,66.8333,70.8333,30.33,85,69,21.81,broken clouds
680,Denpasar,ID,-8.65,115.2167,76.66,94,75,2.3,broken clouds
681,Toora-Khem,RU,52.4675,96.11,43.92,71,4,1.23,clear sky
682,Belaya Glina,RU,46.07,40.86,64.56,85,100,8.57,moderate rain
683,Jiehu,CN,35.5428,118.455,65.73,96,100,7.65,moderate rain
684,Igarka,RU,67.4667,86.5833,40.64,94,100,7.94,overcast clouds
685,San Ramon De La Nueva Oran,AR,-23.1322,-64.326,87.35,27,27,5.68,scattered clouds
686,Nueva Concepcion,GT,14.2,-91.3,91.35,77,100,7.65,overcast clouds
687,Byron Bay,AU,-28.65,153.6167,72.05,73,4,11.14,clear sky
688,Vernon,CA,50.2581,-119.2691,62.98,64,100,1.99,overcast clouds
689,Caravelas,BR,-17.7125,-39.2481,72.48,79,26,6.93,scattered clouds
690,Pocoes,BR,-14.5297,-40.3653,68.43,49,23,3.69,few clouds
691,Upata,VE,8.0086,-62.3989,78.19,87,44,2.73,scattered clouds
692,Rabaul,PG,-4.1967,152.1721,79.99,74,71,5.26,broken clouds
693,Yunyang,CN,33.4474,112.7142,63.86,98,100,3.96,overcast clouds
694,Skibbereen,IE,51.55,-9.2667,55.2,91,56,7.27,broken clouds
695,Lanas,PH,12.0495,121.9185,79.68,82,100,2.64,overcast clouds
